{"sections":{"hero_ph_YP3edU":{"type":"hero-ph","name":"Enterprise Hero (Video\/Img)","settings":{"height_desktop":90,"height_mobile":85,"image_desktop":"shopify:\/\/shop_images\/Sem_Titulo-32_0ab6e8e6-caf0-4d4f-b0c6-a2208450be8f.jpg","image_mobile":"shopify:\/\/shop_images\/IMG_7299.jpg","video_mobile":"shopify:\/\/files\/videos\/vestir-a-palavra-e-pregar-sem-microfonee-um-silencio-que-falae-um-barulho-qrogql_He9URo6i.mp4","heading":"","subheading":"","cta_text":"Ver Coleção","cta_link":"","text_color":"#ffffff","btn_text_color":"#000000","overlay_color":"#000000","overlay_opacity":20}},"trust_bar_premium_a9z9H4":{"type":"trust-bar-premium","name":"Barra de Confiança Luxo","settings":{"bg_color":"#ffffff","text_color":"#000000","accent_color":"#84332e","border_color":"#f0f0f0"}},"custom_product_grid_Ec9WMV":{"type":"custom-product-grid","custom_css":["h2 {text-transform: none; \/* Cancela qualquer transformação para maiúsculo *\/}"],"name":"Custom Product Grid","settings":{"collection":"a-marca","products_to_show":8,"columns_desktop":4,"columns_mobile":"2","grid_gap":20,"image_ratio":"2\/3","card_radius":8,"card_bg":"#ffffff","heading_color":"#000000","price_color":"#1a1a1a","text_color":"#000000","btn_label":"Eu quero!","btn_bg":"#84332e","btn_text_color":"#ffffff","badge_bg":"#9f5e33","badge_text":"#ffffff","custom_tag_1":"","custom_tag_2":"","enable_hover_image":true,"show_installments":true,"installments_text":"[count]x de [price]","padding_top":36,"padding_bottom":36}},"section_VTgcti":{"type":"section","blocks":{"collection_y8wHFT":{"type":"collection","settings":{"image":"shopify:\/\/shop_images\/IMG_0751.jpg","button_label":"COMBOS","collection_link":""}},"collection_WnjfQH":{"type":"collection","settings":{"image":"shopify:\/\/shop_images\/IMG_7309.jpg","button_label":"ATACADO","collection_link":""}}},"block_order":["collection_y8wHFT","collection_WnjfQH"],"name":"Coleções Divididas","settings":{"margin_top":0,"margin_bottom":0}},"collection_list_bgXxYF":{"type":"collection-list","blocks":{"category_HbQpTN":{"type":"category","settings":{"image":"shopify:\/\/shop_images\/IMG_0521.jpg","category_title":"PEQUENOS DISCÍPULOS","link":""}},"category_T6hHR9":{"type":"category","settings":{"image":"shopify:\/\/shop_images\/IMG_0863.jpg","category_title":"Promessas","link":""}},"category_8yRrLe":{"type":"category","settings":{"image":"shopify:\/\/shop_images\/IMG_0645.jpg","category_title":"Adoração","link":""}}},"block_order":["category_HbQpTN","category_T6hHR9","category_8yRrLe"],"custom_css":[],"name":"t:names.collections_carousel","settings":{"title":"Identidade","title_size":28,"title_spacing":12,"subtitle":"Vista sua identidade em Cristo","cta_text":"Ver todas as peças","cta_link":"","header_align":"left","bg_color":"#ffffff","text_color":"#000000","accent_color":"#eeeeee","grayscale":0,"padding_top":80,"padding_bottom":100}},"inspiracao_videos_8UNhnY":{"type":"inspiracao-videos","blocks":{"video_block_EFf3nU":{"type":"video_block","settings":{"video_url":"shopify:\/\/files\/videos\/A voz que acalmou o mar me chama pra andar. 🌊E é andando juntos que os filhos aprendem a caminh.mp4","caption":"O deta"}},"video_block_fXkT4r":{"type":"video_block","settings":{"video_url":"shopify:\/\/files\/videos\/EIIIIII MARCADOS ❤️_🔥❤️_🔥❤️_🔥📢 Ajudem-nos a espalhar essa notícia.Marque seus amigos adolesc.mp4","caption":"Para eles"}},"video_block_8WPpid":{"type":"video_block","settings":{"video_url":"shopify:\/\/files\/videos\/“Vocês são cartas de Cristo… escritas não com tinta, mas com o Espírito do Deus vivo.”📖 2 Corín.mp4","caption":"Look Noite"}},"video_block_hr8igh":{"type":"video_block","settings":{"video_url":"shopify:\/\/files\/videos\/].mp4","caption":"Pra quem tem estilo"}}},"block_order":["video_block_EFf3nU","video_block_fXkT4r","video_block_8WPpid","video_block_hr8igh"],"name":"Inspiração de Looks","settings":{"title":"Pra você se inspirar","title_size":50,"bg_color":"#f9f6f2"}},"item_of_the_week_Q9rdgD":{"type":"item-of-the-week","name":"Item of the Week","settings":{"heading":"Item da semana","title_size":24,"title_spacing":12,"product":"lirios","subtitle":"Escolhido com propósito"}},"manifesto_UEVjF4":{"type":"manifesto","name":"Manifesto","settings":{"bg_color":"#ffffff","text_color":"#121212","accent_color":"#d7c7a6","padding_v_desktop":40,"padding_v_mobile":60}},"shop_the_look_YKPmWt":{"type":"shop-the-look","custom_css":["h2 {text-align: center;}"],"name":"Shop the Look","settings":{"title":"Shop the Look","product_handle":"jesus-is-coming","lifestyle_image":"shopify:\/\/shop_images\/NEWCOLOR_Essa_lancamento_da_JESUS_IS_COMING_rosa_pink_ficou_demais_ne_marcados___Esta_um_su.jpg","description":"","show_price":true,"show_button":true}},"reviews_testimonials_BcBbYy":{"type":"reviews-testimonials","blocks":{"testimonial_rGVbHa":{"type":"testimonial","settings":{"client_image":"shopify:\/\/shop_images\/IMG_0782.jpg","quote":"Gostei muito do caimento e das estampas. Vestir um propísto é muito melhor.","client_name":"Gabriel M.","usage_label":"Veste:","product_name":"SALVATION"}},"testimonial_QnkeQd":{"type":"testimonial","settings":{"quote":"Desde que comecei a acompanhar a marca, meus dias ficaram mais inspiradores. As camisetas e mensagens carregam fé e estilo, e adoro compartilhar com meus amigos!","client_name":"Ana Silva","usage_label":"Veste:","product_name":"T-shirt Minimalist Bone"}},"testimonial_HFBiRb":{"type":"testimonial","settings":{"client_image":"shopify:\/\/shop_images\/IMG_0863.jpg","quote":"Produtos lindos e de alta qualidade. Sempre que uso, sinto que a mensagem da marca me fortalece e me lembra de viver com propósito","client_name":"Ana Silva","usage_label":"Veste:","product_name":"T-shirt Minimalist Bone"}},"testimonial_4WeUWR":{"type":"testimonial","settings":{"quote":"A marca realmente se importa com cada detalhe. As peças são elegantes e transmitem esperança e fé de forma moderna","client_name":"Ana Silva","usage_label":"Veste:","product_name":"T-shirt Minimalist Bone"}}},"block_order":["testimonial_rGVbHa","testimonial_QnkeQd","testimonial_HFBiRb","testimonial_4WeUWR"],"name":"Testemunhos Editorial","settings":{"use_google_font":true,"title":"Testemunhos","title_size":36,"bg_color":"#ffffff","text_color":"#121212","padding_top":80,"padding_bottom":80,"cta_label":"Ver Depoimentos","cta_link":""}},"newsletter_amarca_UKt3xX":{"type":"newsletter-amarca","name":"Newsletter Editorial Luxo","settings":{"bg_color":"#f9f9f9","text_color":"#121212","padding_v":80,"show_image":true,"image":"shopify:\/\/shop_images\/IMG_7299.jpg","title":"Seja um marcado","subtitle":"Receba novidades, lançamentos e mensagens inspiradoras direto no seu e-mail.","placeholder":"seu melhor e-mail","button_label":"Fazer parte","success_msg":"Bem-vindo(a). Sua marca começa agora.","privacy_text":"Respeitamos seu espaço. Leia nossa","privacy_link":""}}},"order":["hero_ph_YP3edU","trust_bar_premium_a9z9H4","custom_product_grid_Ec9WMV","section_VTgcti","collection_list_bgXxYF","inspiracao_videos_8UNhnY","item_of_the_week_Q9rdgD","manifesto_UEVjF4","shop_the_look_YKPmWt","reviews_testimonials_BcBbYy","newsletter_amarca_UKt3xX"]}